"immediately","led","pond","run","firm","plane"
"service","history","independent","solution","carbon","very"
"roll","equally","organization","carbon","twenty","into"
"truck","bet","refused","fire","dirty","likely"
"silly","thick","power","organization","support","came"
"prepare","why","fat","battle","hurry","condition"
"writer","determine","newspaper","map","first","plates","pan","pole","desk","by","born","breakfast"
"melted","market","operation","relationship","advice","perfect"
"music","library","bark","edge","stomach","grew"
"vast","should","imagine","pie","somebody","driving"
"baby","men","push","attempt","stuck","quiet"
"know","row","accident","meet","west","plant"
"product","pretty","outside","spent","gather","walk"